{"cameraMode":{"drawMode":0,"name":"Shaded","section":"Shading Mode"},"sceneLighting":true,"audioPlay":false,"sceneViewState":{"showFog":true,"showMaterialUpdate":false,"showSkybox":true,"showFlares":true,"showImageEffects":true,"showParticleSystems":true},"in2DMode":false,"pivot":{"x":0.17430464923381806,"y":-0.41740721464157107,"z":0.3661867380142212},"rotation":{"x":0.31869935989379885,"y":-0.017123136669397355,"z":0.005748676136136055,"w":0.9477134943008423},"size":0.6419070959091187,"orthographic":false}